Email Address,First Name,Last Name,Display Name
chris@mail.com,Chris,Green,Chris Green
ben@ma#il.com,Ben,Andrews,Ben Andrews
david@mail..com,David,Longmuir,David Longmuir
cynthia@mail.com,Cynthia,Carey,Cynthia Carey
melissa@mail.com,Melissa,MacBeth,Melissa MacBeth